"date","rr","gp","p","ts","w","r"
"1","2020-02-15",4,2,10,3,1,0
"2","2020-02-16",13,8,41,4,0,-2
"3","2020-02-17",-12,-15,63,-28,-52,11
"4","2020-02-18",-1,4,6,-1,-1,1
"5","2020-02-19",1,1,9,0,0,0
"6","2020-02-20",6,4,14,-1,1,0
"7","2020-02-21",2,-1,10,-1,-3,1
"8","2020-02-22",8,5,28,6,6,-1
"9","2020-02-23",10,6,36,5,5,-1
"10","2020-02-24",3,2,19,-1,3,0
"11","2020-02-25",2,5,9,0,3,0
"12","2020-02-26",-2,2,1,-2,1,1
"13","2020-02-27",-8,-9,-6,-5,-5,4
"14","2020-02-28",-1,1,-5,1,0,1
"15","2020-02-29",7,7,11,6,7,0
"16","2020-03-01",10,9,23,6,5,-1
"17","2020-03-02",3,3,1,-2,-1,1
"18","2020-03-03",4,6,8,-2,0,0
"19","2020-03-04",5,4,11,0,-1,1
"20","2020-03-05",7,5,18,-1,-2,1
"21","2020-03-06",1,-1,6,-3,-1,1
"22","2020-03-07",6,5,17,3,6,0
"23","2020-03-08",9,7,50,3,4,0
"24","2020-03-09",4,4,31,-3,2,1
"25","2020-03-10",-1,1,-2,-6,1,1
"26","2020-03-11",3,7,12,-3,2,1
"27","2020-03-12",7,27,11,-6,2,1
"28","2020-03-13",-5,35,-16,-17,-6,5
"29","2020-03-14",-11,19,-8,-19,-1,5
"30","2020-03-15",-12,11,28,-22,-5,4
"31","2020-03-16",-12,23,15,-37,-27,10
"32","2020-03-17",-27,13,7,-45,-35,14
"33","2020-03-18",-33,7,14,-48,-40,16
"34","2020-03-19",-36,4,18,-52,-43,17
"35","2020-03-20",-44,-5,-8,-54,-45,20
"36","2020-03-21",-49,-12,11,-49,-32,13
"37","2020-03-22",-51,-21,4,-54,-35,11
"38","2020-03-23",-45,-13,-27,-63,-51,20
"39","2020-03-24",-49,-15,-10,-64,-55,22
"40","2020-03-25",-53,-21,1,-65,-59,23
"41","2020-03-26",-54,-21,-18,-68,-59,25
"42","2020-03-27",-55,-21,-10,-66,-59,26
"43","2020-03-28",-59,-27,-30,-64,-44,17
"44","2020-03-29",-59,-35,-16,-66,-44,14
"45","2020-03-30",-54,-27,-32,-70,-60,23
"46","2020-03-31",-51,-19,-13,-68,-60,23
"47","2020-04-01",-52,-21,-10,-68,-61,24
"48","2020-04-02",-53,-23,-16,-70,-61,25
"49","2020-04-03",-55,-23,-33,-69,-60,27
"50","2020-04-04",-57,-25,-17,-63,-45,17
"51","2020-04-05",-63,-45,-13,-67,-46,14
"52","2020-04-06",-51,-21,2,-68,-60,23
"53","2020-04-07",-52,-18,-1,-68,-61,24
"54","2020-04-08",-51,-17,-3,-67,-61,24
"55","2020-04-09",-44,-3,-15,-68,-62,24
"56","2020-04-10",-70,-43,-24,-77,-81,33
"57","2020-04-11",-54,-15,-22,-63,-47,17
"58","2020-04-12",-74,-62,-4,-67,-51,14
"59","2020-04-13",-55,-29,-25,-74,-69,26
"60","2020-04-14",-50,-16,-11,-68,-60,24
"61","2020-04-15",-50,-19,-14,-68,-60,24
"62","2020-04-16",-49,-18,-6,-68,-60,25
"63","2020-04-17",-53,-22,-22,-67,-59,27
"64","2020-04-18",-54,-24,-3,-57,-40,16
"65","2020-04-19",-60,-43,-13,-64,-42,14
"66","2020-04-20",-46,-19,15,-65,-58,22
"67","2020-04-21",-50,-22,-17,-68,-58,23
"68","2020-04-22",-50,-22,-22,-67,-58,24
"69","2020-04-23",-49,-19,-1,-66,-58,24
"70","2020-04-24",-52,-22,-3,-65,-57,25
"71","2020-04-25",-51,-21,16,-54,-39,14
"72","2020-04-26",-57,-39,-6,-62,-41,13
"73","2020-04-27",-45,-17,14,-64,-56,21
"74","2020-04-28",-46,-16,14,-64,-57,16
"75","2020-04-29",-46,-17,6,-64,-57,22
"76","2020-04-30",-47,-17,-4,-65,-57,23
"77","2020-05-01",-47,-16,10,-61,-55,23
"78","2020-05-02",-49,-18,15,-52,-36,14
"79","2020-05-03",-51,-32,47,-54,-35,11
"80","2020-05-04",-42,-14,5,-64,-54,20
"81","2020-05-05",-42,-10,32,-62,-54,20
"82","2020-05-06",-41,-11,36,-60,-54,20
"83","2020-05-07",-42,-11,32,-62,-54,21
"84","2020-05-08",-45,-11,9,-62,-53,22
"85","2020-05-09",-44,-6,0,-55,-32,13
"86","2020-05-10",-44,-24,20,-55,-30,10
"87","2020-05-11",-41,-14,19,-62,-52,19
"88","2020-05-12",-41,-11,20,-61,-51,20
"89","2020-05-13",-38,-9,46,-58,-51,19
"90","2020-05-14",-38,-10,37,-60,-51,20
"91","2020-05-15",-41,-10,24,-59,-52,21
"92","2020-05-16",-40,-9,62,-47,-30,10
"93","2020-05-17",-41,-23,86,-51,-29,8
"94","2020-05-18",-48,-27,94,-69,-79,24
"95","2020-05-19",-31,0,57,-57,-49,18
"96","2020-05-20",-28,1,70,-54,-49,17
"97","2020-05-21",-30,-2,73,-55,-49,18
"98","2020-05-22",-34,-5,63,-54,-46,18
"99","2020-05-23",-33,-4,85,-42,-21,9
"100","2020-05-24",-32,-14,115,-43,-21,6
"101","2020-05-25",-26,-4,64,-55,-48,16
"102","2020-05-26",-28,-3,80,-54,-46,16
"103","2020-05-27",-26,0,82,-52,-46,16
"104","2020-05-28",-28,-3,64,-54,-45,17
"105","2020-05-29",-32,-5,51,-53,-44,18
"106","2020-05-30",-32,-5,58,-41,-14,9
"107","2020-05-31",-30,-12,69,-43,-13,7
"108","2020-06-01",-23,-2,81,-51,-43,14
"109","2020-06-02",-27,-3,64,-53,-43,16
"110","2020-06-03",-27,-3,68,-52,-43,16
"111","2020-06-04",-25,0,108,-50,-43,15
"112","2020-06-05",-29,-3,101,-50,-42,15
"113","2020-06-06",-29,-5,88,-40,-13,8
"114","2020-06-07",-26,-9,130,-39,-12,5
"115","2020-06-08",-21,-2,100,-51,-42,14
"116","2020-06-09",-24,-2,90,-52,-41,14
"117","2020-06-10",-22,-1,78,-51,-42,15
"118","2020-06-11",-21,0,100,-50,-41,15
"119","2020-06-12",-25,-2,89,-49,-40,14
"120","2020-06-13",-25,-3,111,-36,-8,6
"121","2020-06-14",-22,-7,142,-37,-7,4
"122","2020-06-15",-18,0,104,-49,-41,13
"123","2020-06-16",-18,3,136,-47,-40,13
"124","2020-06-17",-19,2,123,-47,-41,13
"125","2020-06-18",-17,5,139,-47,-40,13
"126","2020-06-19",-21,4,128,-45,-40,11
"127","2020-06-20",-22,3,135,-34,-6,4
"128","2020-06-21",-17,-2,149,-35,-2,1
"129","2020-06-22",-16,0,119,-47,-42,12
"130","2020-06-23",-17,6,95,-48,-42,12
"131","2020-06-24",-23,-8,122,-49,-49,15
"132","2020-06-25",-13,7,142,-44,-40,12
"133","2020-06-26",-20,1,129,-42,-39,11
"134","2020-06-27",-21,-1,117,-31,-8,5
"135","2020-06-28",-17,-5,153,-32,-4,2
"136","2020-06-29",-9,5,137,-46,-42,11
"137","2020-06-30",-2,21,133,-44,-41,10
"138","2020-07-01",-34,-16,234,-55,-67,16
"139","2020-07-02",-9,11,134,-46,-44,11
"140","2020-07-03",-15,6,151,-45,-47,12
"141","2020-07-04",-19,-1,183,-31,-8,3
"142","2020-07-05",-13,-3,190,-30,-6,0
"143","2020-07-06",-9,5,156,-45,-42,10
"144","2020-07-07",-12,6,136,-46,-42,11
"145","2020-07-08",-12,5,116,-46,-41,12
"146","2020-07-09",-11,6,136,-45,-40,11
"147","2020-07-10",-18,1,136,-44,-40,11
"148","2020-07-11",-20,-2,97,-37,-7,5
"149","2020-07-12",-12,-2,169,-31,-5,1
"150","2020-07-13",-10,3,150,-46,-42,10
"151","2020-07-14",-11,5,165,-46,-41,11
"152","2020-07-15",-10,5,159,-45,-40,10
"153","2020-07-16",-11,5,114,-47,-40,11
"154","2020-07-17",-15,4,141,-44,-40,10
"155","2020-07-18",-18,1,193,-29,-6,2
"156","2020-07-19",-15,-4,154,-34,-7,1
"157","2020-07-20",-7,7,183,-45,-43,10
"158","2020-07-21",-10,7,189,-46,-43,10
"159","2020-07-22",-12,4,134,-47,-42,11
"160","2020-07-23",-10,6,157,-46,-41,11
"161","2020-07-24",-17,2,162,-44,-41,10
"162","2020-07-25",-18,-1,201,-29,-6,2
"163","2020-07-26",-12,-3,191,-31,-6,0
"164","2020-07-27",-10,4,145,-47,-45,11
"165","2020-07-28",-10,7,182,-47,-43,10
"166","2020-07-29",-9,7,157,-45,-43,11
"167","2020-07-30",-7,9,171,-45,-43,10
"168","2020-07-31",-13,7,174,-41,-43,9
"169","2020-08-01",-17,0,211,-28,-9,1
"170","2020-08-02",-13,-4,151,-36,-11,1
"171","2020-08-03",-17,-8,209,-54,-66,14
"172","2020-08-04",-12,5,107,-48,-44,11
"173","2020-08-05",-7,8,164,-43,-42,10
"174","2020-08-06",-8,6,176,-44,-42,10
"175","2020-08-07",-16,0,155,-43,-41,9
"176","2020-08-08",-16,-2,197,-29,-6,1
"177","2020-08-09",-11,-4,187,-30,-6,0
"178","2020-08-10",-8,2,169,-46,-42,9
"179","2020-08-11",-11,3,147,-47,-41,10
"180","2020-08-12",-9,4,170,-44,-41,9
"181","2020-08-13",-8,4,178,-44,-41,9
"182","2020-08-14",-14,1,164,-42,-40,9
"183","2020-08-15",-15,-1,202,-28,-6,1
"184","2020-08-16",-10,-3,188,-30,-7,-1
"185","2020-08-17",-10,1,139,-47,-42,9
"186","2020-08-18",-10,3,153,-46,-40,10
"187","2020-08-19",-10,2,155,-44,-40,9
"188","2020-08-20",-7,4,143,-44,-40,9
"189","2020-08-21",-15,0,125,-43,-39,9
"190","2020-08-22",-15,-2,184,-28,-6,1
"191","2020-08-23",-10,-3,169,-30,-5,0
"192","2020-08-24",-9,0,134,-46,-41,9
"193","2020-08-25",-10,4,145,-45,-39,9
"194","2020-08-26",-9,2,126,-44,-39,9
"195","2020-08-27",-7,4,134,-43,-38,9
"196","2020-08-28",-14,0,134,-41,-38,8
"197","2020-08-29",-16,-2,97,-33,-7,3
"198","2020-08-30",-7,0,152,-28,-5,0
"199","2020-08-31",-7,3,131,-42,-39,8
"200","2020-09-01",-8,5,122,-42,-39,9
"201","2020-09-02",-10,1,88,-44,-39,10
"202","2020-09-03",-8,3,138,-41,-38,8
"203","2020-09-04",-11,4,134,-39,-38,7
"204","2020-09-05",-13,1,163,-28,-9,1
"205","2020-09-06",-2,2,212,-28,-8,-1
"206","2020-09-07",-33,-29,146,-60,-77,17
"207","2020-09-08",-9,11,81,-44,-39,9
"208","2020-09-09",-12,2,84,-44,-37,9
"209","2020-09-10",-10,2,96,-43,-37,9
"210","2020-09-11",-14,-1,107,-41,-35,8
"211","2020-09-12",-12,0,133,-29,-4,2
"212","2020-09-13",-12,-3,77,-36,-6,2
"213","2020-09-14",-11,-2,78,-45,-34,9
"214","2020-09-15",-11,1,80,-45,-33,9
"215","2020-09-16",-13,-3,90,-43,-34,9
"216","2020-09-17",-12,-2,89,-44,-34,9
"217","2020-09-18",-14,-3,74,-43,-32,9
"218","2020-09-19",-13,-1,102,-33,-4,3
"219","2020-09-20",-8,-1,133,-33,-4,1
"220","2020-09-21",-13,-2,85,-46,-35,9
"221","2020-09-22",-15,-1,83,-46,-34,9
"222","2020-09-23",-17,-3,65,-47,-33,10
"223","2020-09-24",-15,-1,65,-46,-32,10
"224","2020-09-25",-17,-3,73,-45,-32,9
"225","2020-09-26",-14,0,113,-35,-2,3
"226","2020-09-27",-11,-1,123,-36,-3,2
"227","2020-09-28",-16,-2,67,-47,-33,9
"228","2020-09-29",-16,0,52,-48,-32,10
"229","2020-09-30",-15,0,32,-47,-33,10
"230","2020-10-01",-15,2,52,-47,-31,10
"231","2020-10-02",-20,-3,36,-46,-30,11
"232","2020-10-03",-16,0,83,-36,-6,5
"233","2020-10-04",-16,-2,59,-41,-9,4
"234","2020-10-05",-17,-1,53,-47,-33,10
"235","2020-10-06",-18,1,57,-47,-32,10
"236","2020-10-07",-20,-2,29,-49,-32,11
"237","2020-10-08",-16,2,43,-47,-31,10
"238","2020-10-09",-19,3,43,-46,-32,11
"239","2020-10-10",-21,3,71,-39,-8,6
"240","2020-10-11",-21,-2,81,-43,-10,3
"241","2020-10-12",-43,-29,107,-66,-77,20
"242","2020-10-13",-22,-2,29,-49,-33,11
"243","2020-10-14",-20,-2,45,-47,-32,11
"244","2020-10-15",-20,-3,22,-49,-31,12
"245","2020-10-16",-22,-4,14,-48,-30,12
"246","2020-10-17",-18,-1,59,-38,-6,7
"247","2020-10-18",-19,-5,45,-43,-9,6
"248","2020-10-19",-22,-7,6,-51,-33,12
"249","2020-10-20",-19,0,29,-49,-31,11
"250","2020-10-21",-22,-4,12,-49,-31,12
"251","2020-10-22",-19,-2,28,-47,-31,12
"252","2020-10-23",-22,-5,41,-46,-31,12
"253","2020-10-24",-19,0,36,-39,-6,7
"254","2020-10-25",-18,-4,42,-42,-9,5
"255","2020-10-26",-21,-7,5,-50,-32,12
"256","2020-10-27",-22,-3,6,-49,-31,12
"257","2020-10-28",-19,-1,17,-47,-30,11
"258","2020-10-29",-17,0,8,-49,-30,11
"259","2020-10-30",-20,1,2,-47,-29,11
"260","2020-10-31",-19,4,36,-35,-5,6
"261","2020-11-01",-21,-5,8,-44,-11,6
"262","2020-11-02",-22,-7,1,-51,-32,11
"263","2020-11-03",-23,-5,-1,-51,-31,12
"264","2020-11-04",-23,-6,18,-49,-31,12
"265","2020-11-05",-20,-4,30,-49,-30,12
"266","2020-11-06",-22,-4,29,-47,-29,12
"267","2020-11-07",-20,-4,63,-39,-6,7
"268","2020-11-08",-18,-6,87,-41,-10,5
"269","2020-11-09",-21,-6,35,-51,-33,12
"270","2020-11-10",-19,-1,48,-49,-32,11
"271","2020-11-11",-25,-7,24,-55,-47,16
"272","2020-11-12",-21,-3,7,-51,-32,13
"273","2020-11-13",-23,-4,-7,-50,-32,14
"274","2020-11-14",-21,-2,11,-43,-8,8
"275","2020-11-15",-25,-11,-13,-50,-13,7
"276","2020-11-16",-24,-9,-14,-54,-32,13
"277","2020-11-17",-25,-7,-9,-53,-32,13
"278","2020-11-18",-25,-7,-14,-53,-31,13
"279","2020-11-19",-22,-4,-1,-52,-31,13
"280","2020-11-20",-22,-3,7,-50,-31,13
"281","2020-11-21",-20,0,9,-43,-7,8
"282","2020-11-22",-26,-10,-14,-50,-13,8
"283","2020-11-23",-26,-10,-15,-55,-33,13
"284","2020-11-24",-25,-5,-14,-55,-32,13
"285","2020-11-25",-28,-10,-14,-54,-32,14
"286","2020-11-26",-22,-3,-11,-53,-32,13
"287","2020-11-27",-23,-3,-11,-51,-32,14
"288","2020-11-28",-23,-1,10,-45,-8,9
"289","2020-11-29",-22,-5,25,-48,-12,7
"290","2020-11-30",-24,-7,-19,-55,-34,13
"291","2020-12-01",-27,-5,-9,-55,-34,14
"292","2020-12-02",-25,-3,-5,-53,-32,14
"293","2020-12-03",-23,-1,-2,-53,-31,14
"294","2020-12-04",-27,-6,-13,-53,-31,15
"295","2020-12-05",-25,-1,6,-45,-9,9
"296","2020-12-06",-26,-7,6,-50,-14,8
"297","2020-12-07",-25,-6,-13,-56,-34,13
"298","2020-12-08",-26,-3,-10,-56,-32,13
"299","2020-12-09",-27,-6,-12,-55,-33,14
"300","2020-12-10",-23,-1,-4,-54,-32,14
"301","2020-12-11",-24,-2,-7,-53,-31,14
"302","2020-12-12",-26,-1,-13,-48,-10,10
"303","2020-12-13",-28,-8,-15,-52,-15,9
"304","2020-12-14",-25,-4,-12,-56,-34,14
"305","2020-12-15",-24,0,-15,-56,-34,14
"306","2020-12-16",-25,-3,-24,-56,-34,14
"307","2020-12-17",-23,2,-13,-55,-36,15
"308","2020-12-18",-27,-2,-19,-55,-35,16
"309","2020-12-19",-26,1,-9,-46,-11,10
"310","2020-12-20",-24,-3,13,-48,-13,8
"311","2020-12-21",-14,12,-2,-56,-45,15
"312","2020-12-22",-13,21,5,-55,-47,15
"313","2020-12-23",-7,40,8,-53,-48,15
"314","2020-12-24",-22,31,-3,-62,-64,20
"315","2020-12-25",-85,-78,-20,-82,-86,29
"316","2020-12-26",-59,-40,-15,-64,-41,14
"317","2020-12-27",-43,-23,16,-58,-24,10
"318","2020-12-28",-36,-10,16,-69,-68,23
"319","2020-12-29",-34,-2,20,-65,-59,21
"320","2020-12-30",-32,6,-3,-64,-59,21
"321","2020-12-31",-28,19,31,-65,-64,21
"322","2021-01-01",-74,-67,11,-80,-83,31
"323","2021-01-02",-48,-21,6,-60,-29,14
"324","2021-01-03",-43,-18,22,-57,-21,10
"325","2021-01-04",-38,-10,-2,-62,-44,17
"326","2021-01-05",-38,-7,-9,-62,-43,17
"327","2021-01-06",-39,-10,0,-61,-42,18
"328","2021-01-07",-39,-10,3,-62,-42,18
"329","2021-01-08",-42,-14,-11,-62,-40,19
"330","2021-01-09",-42,-11,25,-56,-18,12
"331","2021-01-10",-43,-16,19,-59,-20,10
"332","2021-01-11",-41,-16,-12,-62,-40,17
"333","2021-01-12",-41,-13,-10,-62,-40,17
"334","2021-01-13",-42,-13,-7,-62,-40,17
"335","2021-01-14",-45,-18,-9,-64,-42,18
"336","2021-01-15",-45,-17,-12,-64,-41,19
"337","2021-01-16",-48,-21,3,-61,-22,13
"338","2021-01-17",-46,-21,15,-61,-23,10
"339","2021-01-18",-43,-19,-5,-63,-41,16
"340","2021-01-19",-44,-17,-10,-63,-41,17
"341","2021-01-20",-43,-17,-15,-63,-40,17
"342","2021-01-21",-43,-16,-9,-63,-40,17
"343","2021-01-22",-44,-17,-15,-63,-39,19
"344","2021-01-23",-43,-14,1,-59,-20,12
"345","2021-01-24",-47,-22,-9,-63,-23,10
"346","2021-01-25",-43,-19,-13,-64,-40,16
"347","2021-01-26",-47,-22,-16,-64,-41,17
"348","2021-01-27",-43,-16,-13,-62,-40,17
"349","2021-01-28",-42,-16,-18,-63,-39,17
"350","2021-01-29",-43,-16,-22,-63,-39,18
"351","2021-01-30",-41,-11,2,-60,-18,12
"352","2021-01-31",-42,-17,6,-62,-21,9
"353","2021-02-01",-40,-14,-14,-63,-39,16
"354","2021-02-02",-44,-18,-18,-64,-41,17
"355","2021-02-03",-42,-16,-2,-62,-39,17
"356","2021-02-04",-40,-13,1,-62,-38,16
"357","2021-02-05",-45,-18,-22,-63,-38,18
"358","2021-02-06",-43,-13,-4,-60,-18,12
"359","2021-02-07",-44,-16,11,-62,-20,10
"360","2021-02-08",-40,-20,-19,-64,-40,16
"361","2021-02-09",-38,-14,-14,-62,-38,16
"362","2021-02-10",-38,-13,-21,-62,-37,16
"363","2021-02-11",-36,-10,-20,-62,-37,16
"364","2021-02-12",-37,-10,-29,-62,-38,18
"365","2021-02-13",-37,-4,-19,-58,-19,12
"366","2021-02-14",-29,-3,26,-57,-18,8
"367","2021-02-15",-49,-30,8,-72,-67,22
"368","2021-02-16",-41,-16,-24,-62,-43,18
"369","2021-02-17",-32,-6,-8,-58,-35,15
"370","2021-02-18",-32,-9,-14,-59,-35,15
"371","2021-02-19",-33,-9,-14,-59,-34,16
"372","2021-02-20",-30,-5,23,-54,-13,10
"373","2021-02-21",-29,-8,42,-55,-15,7
"374","2021-02-22",-34,-15,-10,-61,-36,15
"375","2021-02-23",-32,-8,-6,-60,-35,14
"376","2021-02-24",-31,-9,-5,-59,-34,14
"377","2021-02-25",-30,-7,-3,-59,-34,15
"378","2021-02-26",-29,-5,-3,-58,-33,15
"379","2021-02-27",-29,-6,9,-53,-12,9
"380","2021-02-28",-27,-8,23,-54,-14,7
"381","2021-03-01",-30,-11,-9,-60,-38,14
"382","2021-03-02",-31,-9,-7,-60,-38,15
"383","2021-03-03",-28,-6,15,-57,-37,14
"384","2021-03-04",-28,-6,-2,-59,-37,15
"385","2021-03-05",-30,-8,-8,-58,-36,16
"386","2021-03-06",-27,-4,13,-52,-12,9
"387","2021-03-07",-25,-7,40,-53,-13,7
"388","2021-03-08",-26,-9,13,-58,-35,13
"389","2021-03-09",-26,-6,20,-57,-34,13
"390","2021-03-10",-25,-6,23,-55,-33,13
"391","2021-03-11",-24,-5,15,-56,-33,14
"392","2021-03-12",-25,-6,7,-55,-32,14
"393","2021-03-13",-20,-1,38,-47,-10,8
"394","2021-03-14",-23,-8,12,-53,-13,7
"395","2021-03-15",-25,-9,8,-57,-35,13
"396","2021-03-16",-25,-4,14,-57,-34,13
"397","2021-03-17",-22,-4,33,-54,-33,13
"398","2021-03-18",-23,-4,6,-55,-33,14
"399","2021-03-19",-23,-3,7,-54,-33,14
"400","2021-03-20",-18,1,62,-44,-8,7
"401","2021-03-21",-15,-2,85,-46,-10,5
"402","2021-03-22",-20,-4,56,-54,-34,12
"403","2021-03-23",-21,-2,47,-54,-33,12
"404","2021-03-24",-23,-4,11,-55,-34,13
"405","2021-03-25",-19,0,55,-53,-33,13
"406","2021-03-26",-26,-7,-10,-56,-33,15
"407","2021-03-27",-20,1,22,-47,-9,8
"408","2021-03-28",-23,-7,-13,-54,-13,8
"409","2021-03-29",-23,-5,16,-56,-35,13
"410","2021-03-30",-20,1,53,-54,-34,12
"411","2021-03-31",-17,5,18,-53,-34,12
"412","2021-04-01",-6,22,13,-52,-34,11
"413","2021-04-02",-40,-17,53,-66,-70,23
"414","2021-04-03",-22,14,42,-50,-17,8
"415","2021-04-04",-45,-36,116,-53,-23,6
"416","2021-04-05",-21,0,82,-60,-54,16
"417","2021-04-06",-24,1,55,-55,-35,13
"418","2021-04-07",-20,2,48,-54,-35,13
"419","2021-04-08",-27,-3,70,-55,-35,14
"420","2021-04-09",-31,-5,42,-56,-34,15
"421","2021-04-10",-28,-2,93,-49,-13,8
"422","2021-04-11",-29,-6,63,-53,-17,8
"423","2021-04-12",-30,-6,23,-58,-37,14
"424","2021-04-13",-29,-1,65,-57,-37,14
"425","2021-04-14",-28,-1,65,-55,-37,14
"426","2021-04-15",-28,-2,27,-57,-36,15
"427","2021-04-16",-31,-4,21,-57,-36,15
"428","2021-04-17",-31,-3,59,-52,-14,9
"429","2021-04-18",-30,-6,73,-53,-16,8
"430","2021-04-19",-31,-8,45,-59,-38,14
"431","2021-04-20",-28,1,28,-57,-37,14
"432","2021-04-21",-31,-5,15,-58,-38,15
"433","2021-04-22",-30,-3,14,-58,-37,16
"434","2021-04-23",-30,-2,42,-57,-36,15
"435","2021-04-24",-28,0,78,-50,-13,9
"436","2021-04-25",-29,-4,37,-55,-16,8
"437","2021-04-26",-28,-4,42,-58,-37,14
"438","2021-04-27",-28,-1,60,-57,-37,14
"439","2021-04-28",-28,-1,31,-56,-37,14
"440","2021-04-29",-26,1,38,-56,-37,14
"441","2021-04-30",-29,0,9,-57,-36,15
"442","2021-05-01",-25,5,80,-47,-13,8
"443","2021-05-02",-24,0,99,-50,-16,7
"444","2021-05-03",-27,-2,23,-57,-38,13
"445","2021-05-04",-27,2,42,-57,-38,14
"446","2021-05-05",-27,1,35,-56,-37,14
"447","2021-05-06",-24,4,66,-55,-37,13
"448","2021-05-07",-27,3,51,-56,-36,14
"449","2021-05-08",-23,13,65,-50,-13,8
"450","2021-05-09",-15,11,110,-48,-12,5
"451","2021-05-10",-26,-2,68,-56,-38,13
"452","2021-05-11",-26,2,49,-57,-37,14
"453","2021-05-12",-23,6,80,-54,-37,13
"454","2021-05-13",-20,7,115,-53,-37,13
"455","2021-05-14",-23,6,106,-52,-36,13
"456","2021-05-15",-21,8,149,-43,-15,6
"457","2021-05-16",-15,7,164,-45,-13,4
"458","2021-05-17",-20,5,96,-54,-36,12
"459","2021-05-18",-21,7,99,-54,-36,12
"460","2021-05-19",-20,8,95,-55,-37,13
"461","2021-05-20",-17,13,95,-54,-35,12
"462","2021-05-21",-21,11,110,-54,-37,12
"463","2021-05-22",-23,8,127,-48,-15,6
"464","2021-05-23",-15,7,163,-50,-16,4
"465","2021-05-24",-30,-12,193,-67,-76,19
"466","2021-05-25",-21,12,79,-55,-35,12
"467","2021-05-26",-21,8,66,-55,-35,13
"468","2021-05-27",-18,11,83,-54,-34,12
"469","2021-05-28",-22,7,59,-54,-31,12
"470","2021-05-29",-18,11,142,-44,-8,5
"471","2021-05-30",-13,8,160,-47,-9,3
"472","2021-05-31",-14,10,110,-53,-33,10
"473","2021-06-01",-14,16,127,-52,-33,10
"474","2021-06-02",-14,13,127,-51,-33,10
"475","2021-06-03",-15,13,91,-53,-32,12
"476","2021-06-04",-18,12,117,-51,-31,10
"477","2021-06-05",-18,10,135,-45,-9,5
"478","2021-06-06",-13,8,166,-45,-9,2
"479","2021-06-07",-16,9,108,-54,-33,10
"480","2021-06-08",-17,15,98,-54,-32,11
"481","2021-06-09",-16,11,109,-53,-33,11
"482","2021-06-10",-13,14,117,-51,-31,10
"483","2021-06-11",-12,13,107,-50,-30,9
"484","2021-06-12",-11,11,176,-40,-7,2
"485","2021-06-13",-6,8,163,-43,-8,1
"486","2021-06-14",-11,8,75,-53,-33,10
"487","2021-06-15",-9,17,102,-52,-31,10
"488","2021-06-16",-9,12,117,-50,-32,9
"489","2021-06-17",-7,15,139,-49,-32,9
"490","2021-06-18",-12,15,94,-50,-31,9
"491","2021-06-19",-9,15,147,-40,-8,2
"492","2021-06-20",-1,11,200,-39,-8,-2
"493","2021-06-21",-9,9,107,-53,-35,9
"494","2021-06-22",-7,17,121,-52,-33,9
"495","2021-06-23",-4,19,138,-49,-34,8
"496","2021-06-24",-12,4,182,-51,-45,10
"497","2021-06-25",-12,12,112,-50,-36,9
"498","2021-06-26",-13,9,109,-45,-9,3
"499","2021-06-27",-3,9,170,-40,-8,0
"500","2021-06-28",-2,14,135,-52,-38,6
"501","2021-06-29",-7,13,113,-54,-39,8
"502","2021-06-30",8,34,129,-46,-38,6
"503","2021-07-01",-20,-3,269,-56,-69,14
"504","2021-07-02",-7,20,137,-52,-53,12
"505","2021-07-03",-10,9,186,-37,-12,1
"506","2021-07-04",-1,7,193,-33,-9,-2
"507","2021-07-05",-1,16,154,-48,-39,8
"508","2021-07-06",-4,17,139,-50,-37,9
"509","2021-07-07",-5,15,120,-49,-38,9
"510","2021-07-08",-6,13,94,-50,-38,10
"511","2021-07-09",-9,12,127,-46,-36,8
"512","2021-07-10",-7,11,198,-32,-7,0
"513","2021-07-11",-3,7,167,-35,-7,-1
"514","2021-07-12",-2,14,165,-48,-39,8
"515","2021-07-13",-4,15,132,-49,-38,9
"516","2021-07-14",-2,15,149,-47,-37,8
"517","2021-07-15",-1,16,149,-47,-37,8
"518","2021-07-16",-6,12,137,-45,-36,7
"519","2021-07-17",-6,10,156,-33,-7,1
"520","2021-07-18",2,8,198,-30,-6,-2
"521","2021-07-19",0,14,164,-48,-41,8
"522","2021-07-20",0,17,137,-49,-40,9
"523","2021-07-21",1,17,158,-46,-39,8
"524","2021-07-22",1,17,172,-46,-38,8
"525","2021-07-23",-6,11,165,-44,-38,7
"526","2021-07-24",-7,8,170,-33,-6,0
"527","2021-07-25",3,8,196,-31,-5,-2
"528","2021-07-26",0,14,177,-47,-41,8
"529","2021-07-27",-1,15,153,-49,-40,9
"530","2021-07-28",2,17,185,-45,-40,7
"531","2021-07-29",1,17,139,-47,-40,9
"532","2021-07-30",-3,15,148,-43,-40,7
"533","2021-07-31",-5,9,179,-29,-8,-1
"534","2021-08-01",5,10,179,-31,-8,-1
"535","2021-08-02",-3,5,245,-52,-66,11
"536","2021-08-03",1,20,180,-46,-39,7
"537","2021-08-04",0,17,176,-45,-39,7
"538","2021-08-05",0,16,179,-44,-38,7
"539","2021-08-06",-7,10,152,-43,-37,7
"540","2021-08-07",-6,8,146,-31,-5,1
"541","2021-08-08",2,8,182,-28,-4,-2
"542","2021-08-09",0,13,154,-46,-38,7
"543","2021-08-10",-1,15,150,-47,-37,8
"544","2021-08-11",-1,14,139,-45,-37,8
"545","2021-08-12",1,16,155,-45,-37,8
"546","2021-08-13",-6,11,145,-43,-36,7
"547","2021-08-14",-4,10,188,-27,-5,-1
"548","2021-08-15",5,10,212,-25,-4,-3
"549","2021-08-16",1,14,153,-45,-39,7
"550","2021-08-17",0,16,146,-46,-37,8
"551","2021-08-18",0,15,144,-44,-36,7
"552","2021-08-19",2,15,149,-43,-35,7
"553","2021-08-20",-4,12,137,-42,-35,7
"554","2021-08-21",-4,10,168,-28,-5,-1
"555","2021-08-22",4,9,164,-28,-4,-2
"556","2021-08-23",1,13,134,-44,-37,7
"557","2021-08-24",1,15,150,-45,-36,7
"558","2021-08-25",1,15,140,-42,-36,7
"559","2021-08-26",2,15,131,-42,-35,7
"560","2021-08-27",-3,12,133,-40,-34,6
"561","2021-08-28",-3,9,141,-28,-3,0
"562","2021-08-29",5,10,136,-29,-3,-1
"563","2021-08-30",3,14,123,-42,-36,7
"564","2021-08-31",4,19,129,-41,-35,7
"565","2021-09-01",3,19,124,-39,-35,7
"566","2021-09-02",3,17,122,-39,-34,7
"567","2021-09-03",-1,13,130,-38,-35,6
"568","2021-09-04",-2,10,166,-26,-7,0
"569","2021-09-05",11,13,167,-29,-8,-1
"570","2021-09-06",-19,-19,177,-56,-78,16
"571","2021-09-07",1,23,101,-40,-35,7
"572","2021-09-08",-2,15,81,-39,-34,8
"573","2021-09-09",-1,13,99,-38,-33,7
"574","2021-09-10",-4,8,105,-37,-31,6
"575","2021-09-11",-1,8,133,-29,-2,1
"576","2021-09-12",5,11,123,-31,-3,1
"577","2021-09-13",0,10,108,-39,-34,6
"578","2021-09-14",-4,10,84,-41,-33,7
"579","2021-09-15",-2,11,80,-39,-33,7
"580","2021-09-16",0,12,107,-39,-33,7
"581","2021-09-17",-4,6,90,-38,-32,7
"582","2021-09-18",1,9,129,-29,-3,1
"583","2021-09-19",7,10,142,-29,-4,0
"584","2021-09-20",8,14,132,-39,-33,6
"585","2021-09-21",-4,9,86,-41,-31,7
"586","2021-09-22",-6,5,44,-43,-28,9
"587","2021-09-23",-3,10,75,-40,-27,8
"588","2021-09-24",-5,7,81,-39,-27,7
"589","2021-09-25",-2,7,116,-30,-2,2
"590","2021-09-26",2,7,102,-33,-3,1
"591","2021-09-27",-5,6,68,-42,-28,8
"592","2021-09-28",-3,11,81,-42,-27,7
"593","2021-09-29",-1,10,63,-40,-27,7
"594","2021-09-30",3,13,83,-42,-34,9
"595","2021-10-01",-3,8,81,-37,-26,7
"596","2021-10-02",-1,7,88,-31,-3,2
"597","2021-10-03",2,8,80,-33,-5,2
"598","2021-10-04",-5,7,57,-42,-27,8
"599","2021-10-05",-2,13,68,-41,-26,7
"600","2021-10-06",-2,11,76,-39,-26,7
"601","2021-10-07",1,14,87,-38,-25,7
"602","2021-10-08",-2,14,79,-36,-26,7
"603","2021-10-09",-3,14,79,-30,-8,2
"604","2021-10-10",0,9,102,-33,-12,0
"605","2021-10-11",-24,-18,166,-57,-78,16
"606","2021-10-12",-5,12,71,-40,-27,7
"607","2021-10-13",-5,8,56,-39,-26,8
"608","2021-10-14",-4,8,62,-40,-25,8
"609","2021-10-15",-6,4,36,-39,-24,8
"610","2021-10-16",-2,6,31,-34,-4,4
"611","2021-10-17",4,6,74,-32,-5,3
"612","2021-10-18",-4,5,50,-42,-26,8
"613","2021-10-19",-5,8,65,-42,-25,8
"614","2021-10-20",-2,9,54,-39,-25,7
"615","2021-10-21",-3,7,33,-40,-24,8
"616","2021-10-22",-5,4,30,-38,-24,8
"617","2021-10-23",0,7,48,-30,-3,3
"618","2021-10-24",4,6,68,-32,-6,3
"619","2021-10-25",-7,2,11,-44,-26,9
"620","2021-10-26",-6,5,16,-43,-24,9
"621","2021-10-27",-1,10,50,-38,-24,7
"622","2021-10-28",1,10,37,-39,-23,8
"623","2021-10-29",-4,6,30,-37,-22,8
"624","2021-10-30",1,12,29,-30,-4,3
"625","2021-10-31",2,7,61,-28,-7,3
"626","2021-11-01",-5,5,31,-41,-26,8
"627","2021-11-02",-6,7,25,-42,-24,8
"628","2021-11-03",-6,6,24,-41,-24,8
"629","2021-11-04",-3,7,30,-40,-23,8
"630","2021-11-05",-5,3,26,-39,-22,8
"631","2021-11-06",0,5,41,-32,-4,3
"632","2021-11-07",6,7,68,-32,-6,2
"633","2021-11-08",-5,4,46,-41,-24,8
"634","2021-11-09",-6,5,29,-42,-23,8
"635","2021-11-10",-2,8,34,-39,-24,8
"636","2021-11-11",-5,2,37,-45,-42,13
"637","2021-11-12",-6,2,9,-42,-29,10
"638","2021-11-13",-2,3,9,-34,-5,4
"639","2021-11-14",-2,0,4,-36,-8,4
"640","2021-11-15",-8,1,3,-43,-25,9
"641","2021-11-16",-7,4,17,-41,-24,9
"642","2021-11-17",-8,4,7,-41,-24,9
"643","2021-11-18",-4,4,3,-41,-23,9
"644","2021-11-19",-4,4,8,-39,-23,9
"645","2021-11-20",1,6,17,-31,-3,4
"646","2021-11-21",3,4,19,-34,-7,3
"647","2021-11-22",-6,2,5,-43,-24,9
"648","2021-11-23",-6,4,12,-43,-23,9
"649","2021-11-24",-5,4,10,-41,-23,8
"650","2021-11-25",-1,4,1,-41,-23,9
"651","2021-11-26",0,4,-1,-39,-23,9
"652","2021-11-27",1,5,0,-34,-3,4
"653","2021-11-28",1,2,6,-36,-6,4
"654","2021-11-29",-3,4,6,-42,-24,8
"655","2021-11-30",-4,7,1,-42,-23,8
"656","2021-12-01",-2,8,7,-40,-23,8
"657","2021-12-02",-2,6,7,-41,-22,9
"658","2021-12-03",-4,4,4,-41,-22,9
"659","2021-12-04",0,6,8,-34,-3,4
"660","2021-12-05",0,3,8,-36,-6,4
"661","2021-12-06",-12,-3,-13,-46,-28,11
"662","2021-12-07",-5,8,0,-44,-22,9
"663","2021-12-08",-6,4,0,-42,-22,9
"664","2021-12-09",-3,6,4,-42,-22,9
"665","2021-12-10",-5,5,-2,-41,-20,9
"666","2021-12-11",-2,5,-3,-35,0,5
"667","2021-12-12",6,7,18,-34,-2,3
"668","2021-12-13",0,11,11,-43,-23,8
"669","2021-12-14",-1,11,13,-43,-22,8
"670","2021-12-15",0,11,0,-42,-23,9
"671","2021-12-16",3,13,9,-41,-22,9
"672","2021-12-17",-2,11,-1,-41,-22,9
"673","2021-12-18",-5,7,-8,-34,-2,5
"674","2021-12-19",4,6,19,-32,-3,4
"675","2021-12-20",7,21,8,-46,-35,10
"676","2021-12-21",7,28,12,-47,-38,11
"677","2021-12-22",8,36,2,-47,-40,12
"678","2021-12-23",12,53,10,-47,-45,13
"679","2021-12-24",-21,30,-5,-55,-65,18
"680","2021-12-25",-79,-75,-19,-61,-62,10
"681","2021-12-26",-19,-21,10,-44,-27,5
"682","2021-12-27",-12,0,10,-62,-74,20
"683","2021-12-28",-10,7,24,-59,-66,19
"684","2021-12-29",-10,10,15,-55,-58,18
"685","2021-12-30",-7,21,27,-55,-59,19
"686","2021-12-31",-22,18,20,-59,-65,21
"687","2022-01-01",-64,-63,-7,-61,-52,14
"688","2022-01-02",-29,-22,6,-49,-22,9
"689","2022-01-03",-15,7,0,-62,-62,20
"690","2022-01-04",-21,2,-5,-56,-43,17
"691","2022-01-05",-25,1,-13,-56,-43,17
"692","2022-01-06",-28,-3,-14,-58,-44,19
"693","2022-01-07",-32,-8,-21,-58,-41,19
"694","2022-01-08",-29,-3,-14,-51,-15,12
"695","2022-01-09",-33,-21,11,-51,-18,9
"696","2022-01-10",-26,-3,-20,-58,-39,16
"697","2022-01-11",-30,-8,-25,-60,-39,16
"698","2022-01-12",-27,-2,-10,-57,-38,16
"699","2022-01-13",-24,1,3,-56,-38,16
"700","2022-01-14",-28,-4,-14,-56,-36,16
"701","2022-01-15",-28,-4,-16,-53,-15,10
"702","2022-01-16",-29,-17,17,-51,-17,8
"703","2022-01-17",-44,-27,-22,-63,-49,20
"704","2022-01-18",-27,-1,-8,-55,-36,15
"705","2022-01-19",-27,-3,-12,-53,-33,14
"706","2022-01-20",-22,2,-4,-53,-32,14
"707","2022-01-21",-26,-5,-14,-53,-30,15
"708","2022-01-22",-23,-1,6,-47,-11,9
"709","2022-01-23",-23,-8,21,-48,-13,7
"710","2022-01-24",-27,-9,-10,-54,-32,13
"711","2022-01-25",-24,-2,-2,-53,-31,13
"712","2022-01-26",-25,-4,-10,-53,-32,13
"713","2022-01-27",-22,1,-1,-52,-31,13
"714","2022-01-28",-24,-2,-6,-51,-30,14
"715","2022-01-29",-24,-3,3,-46,-11,8
"716","2022-01-30",-22,-7,10,-47,-11,6
"717","2022-01-31",-18,-3,4,-50,-30,11
"718","2022-02-01",-17,2,9,-49,-29,11
"719","2022-02-02",-22,-3,-10,-51,-30,13
"720","2022-02-03",-24,-7,-12,-51,-30,13
"721","2022-02-04",-25,-10,-16,-50,-29,14
"722","2022-02-05",-17,-2,15,-41,-7,7
"723","2022-02-06",-13,-4,36,-43,-8,5
"724","2022-02-07",-18,-3,9,-48,-27,10
"725","2022-02-08",-19,-3,2,-49,-27,11
"726","2022-02-09",-17,-1,9,-47,-26,11
"727","2022-02-10",-15,2,2,-47,-26,11
"728","2022-02-11",-17,-2,1,-46,-25,11
"729","2022-02-12",-10,3,21,-38,-5,5
"730","2022-02-13",-10,3,17,-42,-6,4
"731","2022-02-14",-10,5,-4,-49,-27,10
"732","2022-02-15",-19,-5,2,-48,-26,10
"733","2022-02-16",-16,-3,3,-46,-25,10
"734","2022-02-17",-19,-6,-11,-48,-27,12
"735","2022-02-18",-21,-11,-10,-47,-33,14
"736","2022-02-19",-16,-7,-5,-40,-8,6
"737","2022-02-20",-4,-1,30,-38,-9,3
"738","2022-02-21",-23,-20,47,-57,-62,17
"739","2022-02-22",-16,0,-10,-49,-27,10
"740","2022-02-23",-17,-5,-10,-48,-27,10
"741","2022-02-24",-12,1,2,-46,-25,9
"742","2022-02-25",-21,-12,-11,-48,-25,11
"743","2022-02-26",-8,1,8,-38,-2,4
"744","2022-02-27",-10,-6,8,-40,-5,4
"745","2022-02-28",-13,-3,-2,-47,-28,9
"746","2022-03-01",-13,0,5,-46,-27,9
"747","2022-03-02",-13,-2,5,-46,-27,9
"748","2022-03-03",-12,-3,5,-46,-27,9
"749","2022-03-04",-14,-6,2,-46,-25,10
"750","2022-03-05",-6,0,26,-36,-3,3
"751","2022-03-06",-8,-6,28,-38,-6,3
"752","2022-03-07",-18,-8,-9,-47,-26,10
"753","2022-03-08",-14,-3,4,-46,-25,9
"754","2022-03-09",-14,-4,6,-45,-24,9
"755","2022-03-10",-11,-1,7,-45,-23,8
"756","2022-03-11",-15,-6,-12,-46,-23,10
"757","2022-03-12",-12,-7,-9,-41,-4,5
"758","2022-03-13",-10,-10,1,-41,-6,4
